name,birthday,gender,interest,email,password
Admin,1970-01-01,1,2,admin@root.com,roottoor
Aleksa,1998-06-22,1,2,veselic@gmail.com,000000
"Djordje",1998-08-07,1,2,"tanaskovic@gmail.com",000000
Petar,"1998-05-05",1,1,petar@gmail.com,123123
Ema,2000-04-04,2,3,ema@@gmail.com,"123456"
Nikolina,2000-03-03,2,2,nikolina@gmail.com,password
Isidora,2000-02-02,2,2,isidora@gmail.com,belizeka
Sandra,2000-01-01,2,3,sandra@gmail.com,mojasifra
Cos,1991-12-17,1,2,crunchman0@google.com.au,ubFyRCfk
Fabiano,1987-09-22,1,3,fwhitemarsh1@devhub.com,2LJb9XSeLqwA
Sawyere,2003-08-11,1,1,sveysey2@mediafire.com,3gaZ6fz
Ward,1997-02-19,1,2,wpowland3@netscape.com,GfeCzxG2IpU2
Artie,1993-02-23,1,1,agorring4@ebay.co.uk,LbK4Voog
Irving,1991-02-10,1,2,icorris5@squarespace.com,o7xrMo
Barnabe,2004-10-24,1,2,bpennings6@prnewswire.com,s9AUhaP
Gregorio,1988-07-06,1,3,gclinning7@craigslist.org,VDLUPR2
Tucker,1987-05-06,1,2,ttrump8@yale.edu,zoV3TKGV
Dominik,2001-01-23,1,2,dosherrin9@shareasale.com,uq96ly0wDaa
Archer,2000-09-03,1,2,abampforda@163.com,DDRR5H5nF
Base,1988-07-11,1,2,blyneb@washingtonpost.com,p9quETZ
Bary,1993-04-30,1,3,bschuchmacherc@tinypic.com,WjixFMMn4
Seamus,1991-07-27,1,3,sriddeld@dailymail.co.uk,Hg76kUI9l1
Dale,1987-11-20,1,3,drishmane@boston.com,Vy1aNt
Roma,2005-09-02,1,2,rdanterf@chronoengine.com,rf2I61b1a91B
Stearn,1990-11-10,1,2,sadriang@intel.com,ttXuGc
Ernest,1987-10-20,1,2,ebiffenh@bigcartel.com,dyuMXPojN8t
Kaiser,1994-09-11,1,2,kbazleyi@vkontakte.ru,4EdWVKkQ
Wallie,1990-07-24,1,2,wbonallackj@woothemes.com,UuUdgw
Powell,1987-03-11,1,3,pgrimsditchk@purevolume.com,pRsjcy
Grace,1998-01-09,1,2,gmathivonl@slate.com,0lyDBGdXzA
Izaak,1993-08-09,1,2,igasonm@about.me,UuryHQ
Davon,1995-10-02,1,2,dmachansn@pinterest.com,z0yvKrzpMX4
Clerkclaude,1989-06-05,1,2,cmcginleyo@boston.com,IJRNY4Am994O
Tyler,1987-05-09,1,2,trawlesp@nyu.edu,awBVVKF2
Kinny,1996-08-23,1,2,kcovielloq@unc.edu,GBQZuSlk2
Lionello,1996-04-09,1,2,lferrelir@ehow.com,dXNSI5Hc
Neville,1993-10-25,1,2,nrayltons@wufoo.com,0s0Al7
Thornton,1996-12-30,1,2,temlocht@domainmarket.com,MgSBay1
Steve,2004-06-30,1,2,skellu@wiley.com,VxTSa02t97
Rodger,1989-03-17,1,2,rwalnev@va.gov,ud6GepF
Noam,1994-09-19,1,2,nnarbettw@woothemes.com,goGCITb2XEw
Roy,1988-12-18,1,2,rlunnyx@liveinternet.ru,7hslmC
Freedman,2004-03-23,1,2,fmackilly@mozilla.com,2tTapbl
Alair,2001-11-29,1,3,awhiffenz@imageshack.us,0rX56kz
Darrell,1991-02-08,1,2,dbrawson10@yale.edu,55MxXXDX19m9
Fair,1990-06-18,1,3,fskeels11@is.gd,wA26PLf27
Sutton,1986-12-19,1,2,smanneville12@delicious.com,jHtrVYxh
Kerwinn,1996-05-17,1,3,kkopmann13@earthlink.net,dg1dDaahN
Chet,2002-01-04,1,2,cbummfrey14@webnode.com,B92Izj9L
Currie,1997-01-22,1,3,claugharne15@e-recht24.de,3O2YAza8iA9n
Boniface,2000-05-19,1,2,besseby16@arstechnica.com,c9kfqYlY2z
Dale,1988-11-13,1,2,deadie17@cmu.edu,DbRuraTDekN
Kenneth,1999-05-12,1,2,klawther18@google.es,gFprpeUwW
Noland,1999-08-26,1,2,ntruran19@wordpress.com,9yYd4x
Constantin,2001-06-19,1,2,cledford1a@nyu.edu,eUcdfksw
Sunny,2000-01-21,1,2,smilham1b@amazon.co.jp,lX1SrlXksc
Kerry,1987-04-16,1,2,kslimm1c@washingtonpost.com,OExVxhIIoJ6
Ambrosio,1988-12-22,1,2,abarhims1d@ebay.co.uk,fYrtN3sMA
Forester,2003-04-26,1,2,fnorcliffe1e@last.fm,snIe8egdL
Randi,1988-03-23,1,2,rrough1f@who.int,prRGWuks1
Neill,1998-01-04,1,3,nwidocks1g@dagondesign.com,hmoHDf9lV4
Winfred,1997-08-07,1,2,wjarret1h@reverbnation.com,dnOjEDX
Simon,2005-10-16,1,2,sderrington1i@toplist.cz,6gd7HZUHC
Tucker,2005-11-29,1,2,tparagreen1j@domainmarket.com,JYXFK9OJ
Stinky,1998-08-03,1,2,shakeworth1k@scribd.com,nu0iYW
Eadmund,1991-05-22,1,2,egaspar1l@hud.gov,o2RnwdNb
Emlyn,1988-12-18,1,3,emacaleese1m@usda.gov,qr32NCTgqrn
Georgi,1995-05-06,1,3,ghugland1n@gmpg.org,t8EGz1
Horst,1988-01-19,1,3,hleighfield1o@howstuffworks.com,2kCHfQdLD
Abbot,1992-09-08,1,3,asleigh1p@umn.edu,nzUp7m7
Dieter,1990-11-27,1,2,dcosbee1q@moonfruit.com,gG5yaVT
Murray,1998-12-06,1,2,mcordelette1r@cnet.com,raVvXhXqmr
Byran,1988-04-02,1,3,bhesser1s@g.co,Pp58vb0Xi
Erich,1998-01-01,1,1,egencke1t@over-blog.com,QEgzNfHmPKhE
Sonnie,1991-08-07,1,2,sbignold1u@whitehouse.gov,11yIzz0j
Don,1986-05-29,1,2,djosselsohn1v@mapy.cz,p34WgSusL
Austen,1999-12-02,1,2,amillin1w@slideshare.net,13tff91Bi
Gar,1994-12-23,1,2,gcampbelldunlop1x@yelp.com,T7tEOQ
Sayer,2004-12-07,1,2,slicquorish1y@delicious.com,RFJl87dE31Qn
Abdul,2000-12-27,1,1,agladbeck1z@themeforest.net,b6gd8qLDCd
Avram,1995-04-23,1,2,aesberger20@sciencedaily.com,6M9Kgi
Lyle,2003-05-03,1,2,lnellies21@friendfeed.com,13I5Tf3Swzs
Kelley,2002-10-10,1,3,kpanton22@walmart.com,2VdS3xSUHI8
Lothario,2001-09-07,1,1,lclace23@behance.net,iewDjEsDkse
Cale,2002-08-15,1,1,callington24@arstechnica.com,4m9mBtTf1PZZ
Shayne,2000-06-13,1,2,sogden25@behance.net,dl9n0Kl
Terence,2001-11-23,1,2,ttapson26@google.cn,DMah44CvzXC0
Brewer,1986-11-22,1,2,bjanouch27@senate.gov,OcFjEniSo
Ryley,1991-01-12,1,3,rupcott28@cnbc.com,zRWpfhg
Ephrayim,1995-01-21,1,3,efunnell29@xinhuanet.com,XW6QM5k
Sunny,1994-05-25,1,2,spoacher2a@pcworld.com,zPvEihX1f2m
Dalli,2001-06-11,1,1,dslide2b@cnet.com,87lfSIbmu
Brien,2000-03-07,1,2,bcaught2c@nhs.uk,HakLJYP
Israel,2001-01-20,1,2,iquinell2d@mit.edu,2ojMJSj4
Kearney,1998-01-25,1,2,kgrayston2e@cyberchimps.com,hnnOCHvJH0VE
Buckie,2005-06-25,1,2,bbryning2f@homestead.com,tMRtSL
Asa,1997-11-29,1,1,aleeburn2g@archive.org,4n6qVHZkW
Abraham,1987-02-13,1,2,aspaunton2h@virginia.edu,AW8C0nYog
Homer,2001-06-28,1,2,hbettenson2i@dailymotion.com,ox5k8E
Leslie,1987-05-10,1,3,lthackwray2j@smugmug.com,lwcYn4zO3Hda
Ambrosio,1990-05-21,1,2,aboodle2k@dailymail.co.uk,JFh3tNMW
Ogdan,1990-11-20,1,2,onelissen2l@printfriendly.com,XgPvPN
Augie,1995-12-12,1,2,anewbegin2m@woothemes.com,b9bBEDvn
Nickolaus,1986-09-07,1,2,nrideout2n@discuz.net,K5iJ0lj
Dario,1997-01-01,1,1,dcarluccio2o@jigsy.com,Qxu0hA9Q40x2
Nickola,2004-01-14,1,2,ncarty2p@github.io,iAk18i
Kalil,2001-09-15,1,2,kblackhurst2q@flavors.me,o2POun
Corney,1994-09-10,1,2,ccapun2r@merriam-webster.com,mn9wK3khU
Lacy,2005-04-25,2,1,ldurning0@cmu.edu,dJjnUg
Fleur,1996-01-09,2,1,fsimonsson1@un.org,qlcgCBh
Morgan,1992-08-29,2,2,mpetersen2@prlog.org,eLvYFEGk
Vikky,1991-05-22,2,1,vfeighney3@woothemes.com,dMAxIe
Brigid,1989-07-14,2,1,bstedman4@bluehost.com,sFTvrz52Ytz
Jeana,1996-09-29,3,1,jokker5@wp.com,5wdRuP3bI3Q
Colline,2005-03-10,2,1,cpullan6@youtu.be,D4gK4znL
Vanessa,2005-07-08,2,1,vwinship7@list-manage.com,NSV8ipZF
Bibby,1992-11-23,2,1,bpepye8@paypal.com,nUOaVKrk4
Harrietta,1986-02-17,2,1,hstidson9@google.nl,fjKE38JbWfH
Dion,1994-09-11,3,1,drakestrawa@biblegateway.com,KkDgecgsSO66
Ursulina,1991-09-26,2,2,uhedderlyb@xinhuanet.com,4Moa3g9I1f
Coretta,2001-10-07,3,2,cfreenc@tinypic.com,aNekxmcxuAF3
Nananne,1993-02-07,2,1,nrichingsd@google.cn,ZyCatIL1Y
Flossi,1999-06-08,2,1,fcleimente@wordpress.org,Z3U7t222
Clerissa,1989-12-17,3,1,cbleasef@netscape.com,kesn4uVyZKe
Frieda,2000-03-22,2,3,fyarrg@wordpress.com,j3TLMp7
Uta,1987-07-20,2,1,uperellih@friendfeed.com,Xl8CnFrBebt
Sharia,1997-07-04,3,3,ssandeveri@theatlantic.com,k9qmOcT
Loralyn,1999-07-03,2,2,lantonikj@comcast.net,NthOSGpba
Janina,1990-05-26,2,1,jdaenk@usda.gov,6EmtWzM
Dael,1993-11-08,2,3,dstoutel@google.ca,t8nsnqowP
Anderea,2001-01-23,3,2,achauveym@stumbleupon.com,d4v5PRTjjdNI
Jerrine,1988-05-25,2,1,jbodycombn@wired.com,8OAaWDvxBm
Joli,1992-05-17,2,1,jfrewero@surveymonkey.com,IwCh9im3
Kata,2004-10-13,2,1,ksimounetp@zimbio.com,7xp7Ud
Ludovika,1987-06-13,2,1,lguittq@istockphoto.com,1CGt2A0M
Jannel,1998-02-08,2,1,jpontinr@vinaora.com,77xeaYE4
Adora,2000-12-13,3,1,atapsons@mediafire.com,bMhqTLrPMTYJ
Joell,2000-12-23,2,2,jcowdroyt@utexas.edu,14Pwfzz
Lonna,1992-03-15,2,1,ltayloru@163.com,11pzBPLmN
Maighdiln,1988-09-24,2,1,mtretwellv@spotify.com,WazUnKUORz
Celka,1987-09-06,2,1,cmarousekw@g.co,LjCQ6HTD
Kirstin,2004-08-18,2,3,kdameiselex@nhs.uk,zeTAEyPU6
Rowena,1996-07-16,2,1,rcardewy@mashable.com,SkE7jMiu
Agnola,1995-07-13,2,1,amewsz@patch.com,MEq88eD
Charmion,1996-10-24,2,1,crampage10@free.fr,1rFv2PM7
Candice,2000-04-07,3,1,ckolinsky11@sogou.com,ZZ8k2I
Nora,2001-08-09,3,3,nbalas12@timesonline.co.uk,fPGYhEmj
Tabbitha,1995-03-31,2,1,tmacgahy13@myspace.com,LxlMNdgNXhU
Sibel,1995-01-28,2,1,sbuckwell14@dailymail.co.uk,An2AfB2Nkqe
Nissy,1988-01-09,2,1,naitchinson15@myspace.com,EHEnscxZb
Collete,1989-11-08,2,1,ccheeld16@ftc.gov,WXIFIZBeXmRh
Daveta,1987-11-02,2,1,dcochern17@redcross.org,9UGi3p31o
Edna,2003-12-02,2,3,eraun18@vkontakte.ru,RLyYZed
Astrix,1995-02-04,2,1,aaspole19@pinterest.com,pBIFiGhm
Carolyn,1987-04-19,2,1,cdanielsky1a@nyu.edu,qlZO3C
Marjorie,2001-01-12,2,1,mloos1b@zimbio.com,rzazTwMk36W
Amaleta,1994-05-13,2,3,abreslane1c@multiply.com,6hEPSd
Melesa,1989-01-12,2,1,madderley1d@ftc.gov,xWx4u2X
Cassandry,1996-01-19,2,1,coday1e@woothemes.com,EzyLVJDT8BXL
Roseann,2004-09-19,2,1,rrydzynski1f@php.net,uX0bjLHBZx
Ladonna,1995-12-16,2,1,lwyke1g@hhs.gov,FHA1XY
Lorelei,1986-06-30,2,1,lmorit1h@discovery.com,o5k5VW35
Laureen,1997-07-04,2,1,lbonifant1i@goo.ne.jp,IDzxryqpDYBD
Maryl,2000-08-10,2,1,mwimlett1j@parallels.com,QYZUlJnIL
Dawna,1990-08-09,2,1,dhannent1k@who.int,0W34p9fymDt
Letizia,1999-07-19,3,2,lcarlile1l@google.es,zxLcMpMUfi
Ianthe,1986-08-23,3,1,ibanford1m@shinystat.com,qyfHaty3
Aveline,2002-01-12,2,1,agolsby1n@youku.com,CleP5y
Bibby,1999-09-20,3,1,bbellenie1o@archive.org,OeSyLEFc
Netty,2000-03-02,2,2,nrodman1p@cam.ac.uk,59xHj9
Agna,1999-06-21,2,1,amutton1q@spiegel.de,6OjxIBiWZh
Cortney,1998-07-08,2,3,cturle1r@jimdo.com,mAUguHzCr
Siana,2002-10-25,2,1,sjakubovski1s@bizjournals.com,CpZ1HG
Tania,1997-11-13,2,1,tpidler1t@naver.com,jjOEragvs
Ynes,2000-07-11,2,3,ybarriball1u@51.la,lKspFuGnwp
Anni,1994-08-22,2,1,astarling1v@ucoz.com,8XnxZb
Lilyan,2004-07-24,2,3,lwebland1w@sitemeter.com,443XslEwT7
Donielle,2001-03-03,2,1,drudiger1x@google.nl,Cx7FkxJntIU
Paola,1989-01-24,3,1,poran1y@slate.com,dHFK2B5
Karita,2002-05-23,2,1,khardison1z@cafepress.com,DIMRetDuki4
Sophi,2001-11-09,2,1,swilson20@histats.com,305ROmDuh7pJ
Gale,1999-01-31,2,1,gfriese21@earthlink.net,lOAtQ4Dk4Gr
Giselle,1999-05-31,2,1,galbasini22@dailymail.co.uk,7YkZalI2iN
Maressa,2001-12-11,2,1,moregan23@pagesperso-orange.fr,m9biTke
Ailey,1993-01-10,2,1,awillment24@dion.ne.jp,EwXbwW
Babara,1988-11-02,2,3,bheiton25@umich.edu,FxLynJ2HWw
Ruby,1991-12-26,2,1,radderson26@miitbeian.gov.cn,o2sMoM6fpM0
Zoe,1988-04-27,2,3,zmycock27@accuweather.com,3CVBtj
Ginnie,1998-12-01,2,1,gpeoples28@hao123.com,BNwo7ijayBXL
Glad,1986-09-29,2,1,gswayland29@nhs.uk,WGVnlg7eq4J
Serena,2005-08-03,2,1,sgranleese2a@ezinearticles.com,3PaAFdi
Karna,1997-12-28,2,1,kthoresby2b@twitter.com,gkFRfL
Joana,2002-09-02,2,3,jtureville2c@tuttocitta.it,mDn1e7eec8
Bobby,1988-05-20,2,1,bmayzes2d@devhub.com,yF3GUW2v9t
Daloris,2001-12-24,2,2,dnorsworthy2e@ameblo.jp,AKRNgEHI
Oona,2002-02-04,2,1,ocockle2f@skype.com,bUISNf
Quinn,1990-04-15,2,1,qwahlberg2g@yahoo.co.jp,79kQiLkKPI0
Cristin,2000-05-07,3,1,cennion2h@ft.com,Lphhzw5e0n
Katy,1990-05-05,2,1,kcolebrook2i@timesonline.co.uk,brT3FZVSuc
Lonnie,2001-06-02,2,3,lsapena2j@chron.com,5T8Hfu
Kary,1993-02-16,2,2,kcakebread2k@wp.com,H0p2zUcKCm
Alida,1996-08-29,2,3,aspriggen2l@abc.net.au,rG92B9ZrYTCH
Marline,1990-06-27,3,1,mbuckland2m@opera.com,KhM2QO
Babbie,2001-10-18,2,1,bverrechia2n@slashdot.org,d6YC0j
Orly,2002-11-03,2,3,opyecroft2o@si.edu,Hk9Udd5sR
Larissa,1995-05-02,2,3,lfeaveryear2p@theglobeandmail.com,w6klDNQT0A
Binnie,1993-03-24,2,1,bburgoyne2q@comsenz.com,VivzLPRV
Leontyne,2004-04-11,3,3,lsherme2r@bluehost.com,3rTr2Y22G
